{
    "tempo": 156.25,
    "spectral_centroid": 3525.5387073902766,
    "rms": 0.110051229596138
}